{"properties":{"connectionReferences":{},"definition":{"$schema":"https://schema.management.azure.com/providers/Microsoft.Logic/schemas/2016-06-01/workflowdefinition.json#","contentVersion":"1.0.0.0","parameters":{"$authentication":{"defaultValue":{},"type":"SecureObject"}},"triggers":{"manual":{"metadata":{"operationMetadataId":"cf47b88b-daba-45d5-b185-d92faa33296c"},"type":"Request","kind":"Button","inputs":{"schema":{"type":"object","properties":{},"required":[]}}}},"actions":{"Apply_to_each_varXmlArray":{"foreach":"@variables('varXmlArray')","actions":{"Convert_to_JSON":{"runAfter":{},"metadata":{"operationMetadataId":"2741a899-70a3-454c-a5b5-87a10cdb559b"},"type":"Compose","inputs":"@json(items('Apply_to_each_varXmlArray'))","description":"json(items('Apply_to_each_varXmlArray'))"},"Parse_JSON":{"runAfter":{"Convert_to_JSON":["Succeeded"]},"metadata":{"operationMetadataId":"d0f103a7-b285-42d6-9c04-7a4ec063b686"},"type":"ParseJson","inputs":{"content":"@outputs('Convert_to_JSON')","schema":{"type":"object","properties":{"sections":{"type":"object","properties":{"18717":{"type":"object","properties":{"attributes":{"type":"object","properties":{"366831":{"type":"object","properties":{"value":{"type":"string"}}},"366833":{"type":"object","properties":{"value":{"type":"string"}}},"366834":{"type":"object","properties":{"value":{"type":"string"}}}}}}}}}}}}},"Compose_firstname":{"runAfter":{"Parse_JSON":["Succeeded"]},"metadata":{"operationMetadataId":"92d95048-6f0e-46b8-b579-1809a8224581"},"type":"Compose","inputs":"@body('Parse_JSON')?['sections']?['18717']?['attributes']?['366831']?['value']"},"Compose_lastname":{"runAfter":{"Compose_firstname":["Succeeded"]},"metadata":{"operationMetadataId":"f1203c57-04a3-4a63-acc5-e23d7d87cb1b"},"type":"Compose","inputs":"@body('Parse_JSON')?['sections']?['18717']?['attributes']?['366833']?['value']"},"Compose_email":{"runAfter":{"Compose_lastname":["Succeeded"]},"metadata":{"operationMetadataId":"4b1b59e7-a914-4f57-93fc-4a5ae599dc70"},"type":"Compose","inputs":"@body('Parse_JSON')?['sections']?['18717']?['attributes']?['366834']?['value']"}},"runAfter":{"varXmlArray":["Succeeded"]},"metadata":{"operationMetadataId":"a5eaec50-070a-4e09-9858-43796718eafa"},"type":"Foreach"},"varJsonWithRoot":{"runAfter":{"varJSON":["Succeeded"]},"metadata":{"operationMetadataId":"786446f4-fac8-41c7-b895-b2f2378cbef1"},"type":"InitializeVariable","inputs":{"variables":[{"name":"varJsonWithRoot","type":"object","value":{"root":"@variables('varJSON')"}}]}},"varJSON":{"runAfter":{},"metadata":{"operationMetadataId":"6998aeeb-b561-4abb-81cb-e0ec82cbd443"},"type":"InitializeVariable","inputs":{"variables":[{"name":"varJSON","type":"object","value":{"e66f3e28-f010-4d27-b063-6a790a93a68c":{"sections":{"18717":{"attributes":{"366831":{"value":"John"},"366833":{"value":"Doe"},"366834":{"value":"john.doe@badjson.com"}}}}},"593fd77e-0720-4deb-831e-2aa530afbb2f":{"sections":{"18717":{"attributes":{"366831":{"value":"Jane"},"366833":{"value":"Doe"},"366834":{"value":"jane.doe@badjson.com"}}}}}}}]}},"varXmlArray":{"runAfter":{"varJsonWithRoot":["Succeeded"]},"metadata":{"operationMetadataId":"40e9fedc-cec9-46ec-ae94-ba97daa39d43"},"type":"InitializeVariable","inputs":{"variables":[{"name":"varXmlArray","type":"array","value":"@xpath(xml(variables('varJsonWithRoot')),'//sections')"}]},"description":"xpath(xml(variables('varJsonWithRoot')),'//sections')"},"varJsonWithRootAlternative":{"runAfter":{"varJSON":["Succeeded"]},"metadata":{"operationMetadataId":"185c2e28-abf8-41e0-96f6-cf7934eb6bdb"},"type":"InitializeVariable","inputs":{"variables":[{"name":"varJsonWithRootAlternative","type":"object","value":{"root":"@variables('varJSON')"}}]}},"varXmlArrayAlternative":{"runAfter":{"varJsonWithRootAlternative":["Succeeded"]},"metadata":{"operationMetadataId":"eb255f93-4da5-45e2-8d5c-4a539b343ecb"},"type":"InitializeVariable","inputs":{"variables":[{"name":"varXmlArrayAlternative","type":"array","value":"@xpath(xml(variables('varJsonWithRootAlternative')),'//attributes')"}]},"description":"xpath(xml(variables('varJsonWithRootAlternative')),'//attributes')"},"Apply_to_each_varXmlArrayAlternative":{"foreach":"@variables('varXmlArrayAlternative')","actions":{"Convert_to_JSON_alternative":{"runAfter":{},"metadata":{"operationMetadataId":"30f2cd58-9642-4a35-bc72-447713377a8b"},"type":"Compose","inputs":"@json(items('Apply_to_each_varXmlArrayAlternative'))","description":"json(items('Apply_to_each_varXmlArrayAlternative'))"},"Parse_JSON_alternative":{"runAfter":{"Convert_to_JSON_alternative":["Succeeded"]},"metadata":{"operationMetadataId":"204f935a-d8b3-4043-8eec-d84146a26b1e"},"type":"ParseJson","inputs":{"content":"@outputs('Convert_to_JSON_alternative')","schema":{"type":"object","properties":{"attributes":{"type":"object","properties":{"366831":{"type":"object","properties":{"value":{"type":"string"}}},"366833":{"type":"object","properties":{"value":{"type":"string"}}},"366834":{"type":"object","properties":{"value":{"type":"string"}}}}}}}}},"Compose_firstname_alternative":{"runAfter":{"Parse_JSON_alternative":["Succeeded"]},"metadata":{"operationMetadataId":"07e6eb4e-afee-444c-bb22-fb015e6e02f0"},"type":"Compose","inputs":"@body('Parse_JSON_alternative')?['attributes']?['366831']?['value']"},"Compose_lastname_alternative":{"runAfter":{"Compose_firstname_alternative":["Succeeded"]},"metadata":{"operationMetadataId":"4bc068d9-25e7-4321-b994-5eb5701fa31d"},"type":"Compose","inputs":"@body('Parse_JSON_alternative')?['attributes']?['366833']?['value']"},"Compose_email_alternative":{"runAfter":{"Compose_lastname_alternative":["Succeeded"]},"metadata":{"operationMetadataId":"b9052e60-9087-4aba-a14f-028bab03dd49"},"type":"Compose","inputs":"@body('Parse_JSON_alternative')?['attributes']?['366834']?['value']"}},"runAfter":{"varXmlArrayAlternative":["Succeeded"]},"metadata":{"operationMetadataId":"e84c4e8c-bb2c-4edc-a52e-7fc2e73f12e7"},"type":"Foreach"}},"outputs":{}}},"schemaVersion":"1.0.0.0"}