{
  "properties": {
    "connectionReferences": {
      "shared_commondataservice": {
        "runtimeSource": "invoker",
        "connection": {
          "connectionReferenceLogicalName": "ff_sharedcommondataservice_9f079"
        },
        "api": {
          "name": "shared_commondataservice"
        }
      }
    },
    "definition": {
      "$schema": "https://schema.management.azure.com/providers/Microsoft.Logic/schemas/2016-06-01/workflowdefinition.json#",
      "contentVersion": "1.0.0.0",
      "parameters": {
        "$connections": {
          "defaultValue": {},
          "type": "Object"
        },
        "$authentication": {
          "defaultValue": {},
          "type": "SecureObject"
        }
      },
      "triggers": {
        "manual": {
          "metadata": {
            "operationMetadataId": "f03a4d8c-5674-4315-a036-02e131018c9d"
          },
          "type": "Request",
          "kind": "PowerAppV2",
          "inputs": {
            "schema": {
              "type": "object",
              "properties": {
                "text": {
                  "title": "EnvironmentsArray",
                  "type": "string",
                  "x-ms-dynamically-added": true,
                  "description": "Please enter your input",
                  "x-ms-content-hint": "TEXT"
                },
                "text_1": {
                  "title": "UserEmail",
                  "type": "string",
                  "x-ms-dynamically-added": true,
                  "description": "Please enter your input",
                  "x-ms-content-hint": "TEXT"
                }
              },
              "required": [
                "text",
                "text_1"
              ]
            }
          }
        }
      },
      "actions": {
        "varEnvironmentsArray": {
          "runAfter": {
            "Initialize_variable": [
              "Succeeded"
            ]
          },
          "metadata": {
            "operationMetadataId": "6e7e652e-1ff5-456f-a658-3895c557feef"
          },
          "type": "InitializeVariable",
          "inputs": {
            "variables": [
              {
                "name": "varEnvironmentsArray",
                "type": "string",
                "value": "@triggerBody()['text']"
              }
            ]
          },
          "description": "From: https://powerusers.microsoft.com/t5/Building-Power-Apps/Pass-multi-person-field-value-as-parameter-to-Flow/td-p/445632"
        },
        "Parse_JSON": {
          "runAfter": {
            "varEnvironmentsArray": [
              "Succeeded"
            ]
          },
          "metadata": {
            "operationMetadataId": "7c0a7069-484a-4e14-8003-81f31331bd8d"
          },
          "type": "ParseJson",
          "inputs": {
            "content": "@variables('varEnvironmentsArray')",
            "schema": {
              "type": "array",
              "items": {
                "type": "object",
                "properties": {
                  "id": {
                    "type": "string"
                  },
                  "location": {
                    "type": "string"
                  },
                  "name": {
                    "type": "string"
                  },
                  "properties": {
                    "type": "object",
                    "properties": {
                      "azureRegionHint": {
                        "type": "string"
                      },
                      "createdBy": {
                        "type": "object",
                        "properties": {
                          "displayName": {
                            "type": "string"
                          },
                          "email": {
                            "type": "string"
                          },
                          "id": {
                            "type": "string"
                          },
                          "tenantId": {
                            "type": "string"
                          },
                          "type": {
                            "type": "string"
                          },
                          "userPrincipalName": {
                            "type": "string"
                          }
                        }
                      },
                      "createdTime": {
                        "type": "string"
                      },
                      "creationType": {
                        "type": "string"
                      },
                      "displayName": {
                        "type": "string"
                      },
                      "environmentSku": {
                        "type": "string"
                      },
                      "isDefault": {
                        "type": "boolean"
                      },
                      "lastModifiedTime": {
                        "type": "string"
                      },
                      "linkedEnvironmentMetadata": {
                        "type": "object",
                        "properties": {
                          "baseLanguage": {
                            "type": "integer"
                          },
                          "createdTime": {
                            "type": "string"
                          },
                          "domainName": {
                            "type": "string"
                          },
                          "friendlyName": {
                            "type": "string"
                          },
                          "instanceApiUrl": {
                            "type": "string"
                          },
                          "instanceState": {
                            "type": "string"
                          },
                          "instanceUrl": {
                            "type": "string"
                          },
                          "resourceId": {
                            "type": "string"
                          },
                          "uniqueName": {
                            "type": "string"
                          },
                          "version": {
                            "type": "string"
                          }
                        }
                      },
                      "provisioningState": {
                        "type": "string"
                      },
                      "runtimeEndpoints": {
                        "type": "object",
                        "properties": {
                          "microsoft.BusinessAppPlatform": {
                            "type": "string"
                          },
                          "microsoft.CommonDataModel": {
                            "type": "string"
                          },
                          "microsoft.Flow": {
                            "type": "string"
                          },
                          "microsoft.PowerApps": {
                            "type": "string"
                          }
                        }
                      }
                    }
                  },
                  "type": {
                    "type": "string"
                  }
                },
                "required": [
                  "id",
                  "location",
                  "name",
                  "properties",
                  "type"
                ]
              }
            }
          }
        },
        "Apply_to_each": {
          "foreach": "@body('Parse_JSON')",
          "actions": {
            "ListRowsUsers": {
              "runAfter": {},
              "metadata": {
                "operationMetadataId": "05a99beb-6fbc-430b-a533-724756194036"
              },
              "type": "OpenApiConnection",
              "inputs": {
                "host": {
                  "connectionName": "shared_commondataservice",
                  "operationId": "GetItems_V2",
                  "apiId": "/providers/Microsoft.PowerApps/apis/shared_commondataservice"
                },
                "parameters": {
                  "dataset": "@items('Apply_to_each')?['properties']?['linkedEnvironmentMetadata']?['instanceUrl']",
                  "table": "systemusers",
                  "$filter": "internalemailaddress eq '@{triggerBody()['text_1']}'"
                },
                "authentication": "@parameters('$authentication')"
              }
            },
            "ComposeSystemUserID": {
              "runAfter": {
                "ListRowsUsers": [
                  "Succeeded"
                ]
              },
              "metadata": {
                "operationMetadataId": "526b8704-b5fb-4185-9a47-3944c0d1798c"
              },
              "type": "Compose",
              "inputs": "@first(body('ListRowsUsers')?['Value'])?['systemuserid']"
            },
            "ListRowsUserSettings": {
              "runAfter": {
                "ComposeSystemUserID": [
                  "Succeeded"
                ]
              },
              "metadata": {
                "operationMetadataId": "7c1f3102-0249-4498-87aa-e1f1a99c0d4c"
              },
              "type": "OpenApiConnection",
              "inputs": {
                "host": {
                  "connectionName": "shared_commondataservice",
                  "operationId": "GetItems_V2",
                  "apiId": "/providers/Microsoft.PowerApps/apis/shared_commondataservice"
                },
                "parameters": {
                  "dataset": "@items('Apply_to_each')?['properties']?['linkedEnvironmentMetadata']?['instanceUrl']",
                  "table": "usersettingscollection",
                  "$filter": "systemuserid eq '@{outputs('ComposeSystemUserID')}'"
                },
                "authentication": "@parameters('$authentication')"
              }
            },
            "ComposeTimeZoneCode": {
              "runAfter": {
                "ListRowsUserSettings": [
                  "Succeeded"
                ]
              },
              "metadata": {
                "operationMetadataId": "8c9bbecc-c992-4d79-b944-dde04d680483"
              },
              "type": "Compose",
              "inputs": "@first(body('ListRowsUserSettings')?['Value'])?['timezonecode']"
            },
            "Append_to_array_variable": {
              "runAfter": {
                "ComposeLocaleId": [
                  "Succeeded"
                ]
              },
              "metadata": {
                "operationMetadataId": "038206a5-b2fd-404e-a10c-df3b85cba8e4"
              },
              "type": "AppendToArrayVariable",
              "inputs": {
                "name": "varEnvironmentsSettings",
                "value": {
                  "Environment": "@{items('Apply_to_each')?['name']}",
                  "EnvironmentDisplayName": "@{items('Apply_to_each')?['properties']?['linkedEnvironmentMetadata']?['friendlyName']}",
                  "EnvironmentSku": "@{items('Apply_to_each')?['properties']?['environmentSku']}",
                  "EnvironmentUrl": "@{items('Apply_to_each')?['properties']?['linkedEnvironmentMetadata']?['instanceUrl']}",
                  "UserID": "@{outputs('ComposeSystemUserID')}",
                  "TimeZoneCode": "@{outputs('ComposeTimeZoneCode')}",
                  "LocaleId": "@{outputs('ComposeLocaleId')}"
                }
              }
            },
            "ComposeLocaleId": {
              "runAfter": {
                "ComposeTimeZoneCode": [
                  "Succeeded"
                ]
              },
              "metadata": {
                "operationMetadataId": "5d5aef7e-25f0-49a5-9987-9403a39f9bb0"
              },
              "type": "Compose",
              "inputs": "@first(body('ListRowsUserSettings')?['Value'])?['localeid']"
            }
          },
          "runAfter": {
            "Parse_JSON": [
              "Succeeded"
            ]
          },
          "metadata": {
            "operationMetadataId": "f63b4764-ba15-4282-9ae4-8df11c1edcb4"
          },
          "type": "Foreach",
          "runtimeConfiguration": {
            "concurrency": {
              "repetitions": 50
            }
          }
        },
        "Initialize_variable": {
          "runAfter": {},
          "metadata": {
            "operationMetadataId": "420a2ba5-3b8d-47ab-ae12-5d117f3cf712"
          },
          "type": "InitializeVariable",
          "inputs": {
            "variables": [
              {
                "name": "varEnvironmentsSettings",
                "type": "array"
              }
            ]
          }
        },
        "Compose": {
          "runAfter": {
            "Apply_to_each": [
              "Succeeded",
              "Skipped",
              "Failed"
            ]
          },
          "metadata": {
            "operationMetadataId": "76a6155a-c2d5-433e-8756-4bf060498478"
          },
          "type": "Compose",
          "inputs": "@variables('varEnvironmentsSettings')"
        },
        "Response": {
          "runAfter": {
            "Compose": [
              "Succeeded"
            ]
          },
          "metadata": {
            "operationMetadataId": "0ee50b88-ee83-4bd4-8fa0-58fe628f98b2"
          },
          "type": "Response",
          "kind": "Http",
          "inputs": {
            "statusCode": 200,
            "headers": {
              "Content-Type": "application/json"
            },
            "body": "@variables('varEnvironmentsSettings')",
            "schema": {
              "type": "array",
              "items": {
                "type": "object",
                "properties": {
                  "Environment": {
                    "type": "string"
                  },
                  "EnvironmentDisplayName": {
                    "type": "string"
                  },
                  "EnvironmentSku": {
                    "type": "string"
                  },
                  "EnvironmentUrl": {
                    "type": "string"
                  },
                  "UserID": {
                    "type": "string"
                  },
                  "TimeZoneCode": {
                    "type": "string"
                  },
                  "LocaleId": {
                    "type": "string"
                  }
                },
                "required": [
                  "Environment",
                  "EnvironmentDisplayName",
                  "EnvironmentSku",
                  "EnvironmentUrl",
                  "UserID",
                  "TimeZoneCode",
                  "LocaleId"
                ]
              }
            }
          }
        }
      }
    },
    "templateName": ""
  },
  "schemaVersion": "1.0.0.0"
}