{
  "properties": {
    "connectionReferences": {
      "shared_powerplatformforadmins_1": {
        "runtimeSource": "embedded",
        "connection": {
          "connectionReferenceLogicalName": "ff_sharedpowerplatformforadmins_08a33"
        },
        "api": {
          "name": "shared_powerplatformforadmins"
        }
      }
    },
    "definition": {
      "$schema": "https://schema.management.azure.com/providers/Microsoft.Logic/schemas/2016-06-01/workflowdefinition.json#",
      "contentVersion": "1.0.0.0",
      "parameters": {
        "$connections": {
          "defaultValue": {},
          "type": "Object"
        },
        "$authentication": {
          "defaultValue": {},
          "type": "SecureObject"
        }
      },
      "triggers": {
        "Recurrence": {
          "recurrence": {
            "frequency": "Month",
            "interval": 1
          },
          "metadata": {
            "operationMetadataId": "8b8b873b-fad4-4b08-8f94-dcd93e825de7"
          },
          "type": "Recurrence"
        }
      },
      "actions": {
        "List_Environments_as_Admin": {
          "runAfter": {},
          "metadata": {
            "operationMetadataId": "4d56b436-57bf-4d22-9774-7af37ecfa0d5"
          },
          "type": "OpenApiConnection",
          "inputs": {
            "host": {
              "connectionName": "shared_powerplatformforadmins_1",
              "operationId": "Get-AdminEnvironment",
              "apiId": "/providers/Microsoft.PowerApps/apis/shared_powerplatformforadmins"
            },
            "parameters": {
              "api-version": "2021-07-01",
              "$expand": "properties/scheduledLifecycleOperations"
            },
            "authentication": "@parameters('$authentication')"
          }
        },
        "Filter_array_-_Listed_Envs": {
          "runAfter": {
            "Parse_JSON_-_List_Envs_as_Admin": [
              "Succeeded"
            ]
          },
          "metadata": {
            "operationMetadataId": "6669a7d8-b1f3-49a7-aa04-24ecc4cf5910"
          },
          "type": "Query",
          "inputs": {
            "from": "@body('Parse_JSON_-_List_Envs_as_Admin')",
            "where": "@not(equals(item()?['properties']?['scheduledLifecycleOperations'], null))"
          },
          "description": "body('Parse_JSON_-_List_Envs_as_Admin') // item()?['properties']?['scheduledLifecycleOperations'] // @not(equals(item()?['properties']?['scheduledLifecycleOperations'], null))"
        },
        "Parse_JSON_-_List_Envs_as_Admin": {
          "runAfter": {
            "List_Environments_as_Admin": [
              "Succeeded"
            ]
          },
          "metadata": {
            "operationMetadataId": "c511e6d8-f74f-4d90-a7ce-f47fa72c3486"
          },
          "type": "ParseJson",
          "inputs": {
            "content": "@outputs('List_Environments_as_Admin')?['body/value']",
            "schema": {
              "type": "array",
              "items": {
                "type": "object",
                "properties": {
                  "id": {
                    "type": "string"
                  },
                  "type": {
                    "type": "string"
                  },
                  "location": {
                    "type": "string"
                  },
                  "name": {
                    "type": "string"
                  },
                  "properties": {
                    "type": "object",
                    "properties": {
                      "tenantId": {
                        "type": "string"
                      },
                      "azureRegion": {
                        "type": "string"
                      },
                      "displayName": {
                        "type": "string"
                      },
                      "description": {
                        "type": "string"
                      },
                      "createdTime": {
                        "type": "string"
                      },
                      "createdBy": {
                        "type": "object",
                        "properties": {
                          "id": {
                            "type": "string"
                          },
                          "displayName": {
                            "type": "string"
                          },
                          "email": {
                            "type": "string"
                          },
                          "type": {
                            "type": "string"
                          },
                          "tenantId": {
                            "type": "string"
                          },
                          "userPrincipalName": {
                            "type": "string"
                          }
                        }
                      },
                      "lastModifiedTime": {
                        "type": "string"
                      },
                      "provisioningState": {
                        "type": "string"
                      },
                      "provisioningDetails": {
                        "type": "object",
                        "properties": {
                          "message": {
                            "type": "string"
                          },
                          "operations": {
                            "type": "array",
                            "items": {
                              "type": "object",
                              "properties": {
                                "name": {
                                  "type": "string"
                                },
                                "httpStatus": {
                                  "type": "string"
                                },
                                "code": {
                                  "type": "string"
                                }
                              },
                              "required": [
                                "name",
                                "httpStatus",
                                "code"
                              ]
                            }
                          }
                        }
                      },
                      "creationType": {
                        "type": "string"
                      },
                      "environmentSku": {
                        "type": "string"
                      },
                      "isDefault": {
                        "type": "boolean"
                      },
                      "clientUris": {
                        "type": "object",
                        "properties": {
                          "admin": {
                            "type": "string"
                          },
                          "maker": {
                            "type": "string"
                          }
                        }
                      },
                      "runtimeEndpoints": {
                        "type": "object",
                        "properties": {
                          "microsoft.BusinessAppPlatform": {
                            "type": "string"
                          },
                          "microsoft.CommonDataModel": {
                            "type": "string"
                          },
                          "microsoft.PowerApps": {
                            "type": "string"
                          },
                          "microsoft.PowerAppsAdvisor": {
                            "type": "string"
                          },
                          "microsoft.PowerVirtualAgents": {
                            "type": "string"
                          },
                          "microsoft.ApiManagement": {
                            "type": "string"
                          },
                          "microsoft.Flow": {
                            "type": "string"
                          }
                        }
                      },
                      "databaseType": {
                        "type": "string"
                      },
                      "linkedEnvironmentMetadata": {
                        "type": "object",
                        "properties": {
                          "resourceId": {
                            "type": "string"
                          },
                          "friendlyName": {
                            "type": "string"
                          },
                          "uniqueName": {
                            "type": "string"
                          },
                          "domainName": {
                            "type": "string"
                          },
                          "version": {
                            "type": "string"
                          },
                          "instanceUrl": {
                            "type": "string"
                          },
                          "instanceApiUrl": {
                            "type": "string"
                          },
                          "baseLanguage": {
                            "type": "integer"
                          },
                          "instanceState": {
                            "type": "string"
                          },
                          "createdTime": {
                            "type": "string"
                          },
                          "backgroundOperationsState": {
                            "type": "string"
                          },
                          "scaleGroup": {
                            "type": "string"
                          },
                          "platformSku": {
                            "type": "string"
                          }
                        }
                      },
                      "trialScenarioType": {
                        "type": "string"
                      },
                      "notificationMetadata": {
                        "type": "object",
                        "properties": {
                          "state": {
                            "type": "string"
                          },
                          "branding": {
                            "type": "string"
                          }
                        }
                      },
                      "retentionPeriod": {
                        "type": "string"
                      },
                      "states": {
                        "type": "object",
                        "properties": {
                          "management": {
                            "type": "object",
                            "properties": {
                              "id": {
                                "type": "string"
                              }
                            }
                          },
                          "runtime": {
                            "type": "object",
                            "properties": {
                              "runtimeReasonCode": {
                                "type": "string"
                              },
                              "requestedBy": {
                                "type": "object",
                                "properties": {
                                  "displayName": {
                                    "type": "string"
                                  },
                                  "type": {
                                    "type": "string"
                                  }
                                }
                              },
                              "id": {
                                "type": "string"
                              }
                            }
                          }
                        }
                      },
                      "updateCadence": {
                        "type": "object",
                        "properties": {
                          "id": {
                            "type": "string"
                          }
                        }
                      },
                      "retentionDetails": {
                        "type": "object",
                        "properties": {
                          "retentionPeriod": {
                            "type": "string"
                          },
                          "backupsAvailableFromDateTime": {
                            "type": "string"
                          }
                        }
                      },
                      "protectionStatus": {
                        "type": "object",
                        "properties": {
                          "keyManagedBy": {
                            "type": "string"
                          }
                        }
                      },
                      "cluster": {
                        "type": "object",
                        "properties": {
                          "category": {
                            "type": "string"
                          },
                          "number": {
                            "type": "string"
                          },
                          "uriSuffix": {
                            "type": "string"
                          },
                          "geoShortName": {
                            "type": "string"
                          },
                          "environment": {
                            "type": "string"
                          }
                        }
                      },
                      "connectedGroups": {
                        "type": "array"
                      },
                      "lastActivity": {
                        "type": "object",
                        "properties": {
                          "lastActivity": {
                            "type": "object",
                            "properties": {
                              "lastActivityTime": {
                                "type": "string"
                              },
                              "lastUpdatedTime": {
                                "type": "string"
                              }
                            }
                          },
                          "environmentPartnerLastActivity": {
                            "type": "object",
                            "properties": {
                              "eloLastActivity": {
                                "type": "object",
                                "properties": {
                                  "lastActivityTime": {
                                    "type": "string"
                                  },
                                  "lastUpdatedTime": {
                                    "type": "string"
                                  }
                                }
                              }
                            }
                          }
                        }
                      },
                      "lifecycleOperationsEnforcement": {
                        "type": "object",
                        "properties": {
                          "allowedOperations": {
                            "type": "array",
                            "items": {
                              "type": "object",
                              "properties": {
                                "type": {
                                  "type": "object",
                                  "properties": {
                                    "id": {
                                      "type": "string"
                                    }
                                  }
                                }
                              },
                              "required": [
                                "type"
                              ]
                            }
                          },
                          "disallowedOperations": {
                            "type": "array",
                            "items": {
                              "type": "object",
                              "properties": {
                                "type": {
                                  "type": "object",
                                  "properties": {
                                    "id": {
                                      "type": "string"
                                    }
                                  }
                                },
                                "reason": {
                                  "type": "object",
                                  "properties": {
                                    "message": {
                                      "type": "string"
                                    }
                                  }
                                }
                              },
                              "required": [
                                "type",
                                "reason"
                              ]
                            }
                          }
                        }
                      },
                      "governanceConfiguration": {
                        "type": "object",
                        "properties": {
                          "protectionLevel": {
                            "type": "string"
                          }
                        }
                      },
                      "scheduledLifecycleOperations": {
                        "type": "array",
                        "items": {
                          "type": "object",
                          "properties": {
                            "type": {
                              "type": "string"
                            },
                            "scheduledDateTime": {
                              "type": "string"
                            }
                          },
                          "required": [
                            "type",
                            "scheduledDateTime"
                          ]
                        }
                      }
                    }
                  }
                },
                "required": [
                  "id",
                  "type",
                  "location",
                  "name",
                  "properties"
                ]
              }
            }
          },
          "description": "outputs('List_Environments_as_Admin')?['body/value']"
        },
        "Apply_to_each_filtered_array": {
          "foreach": "@body('Filter_array_-_Listed_Envs')",
          "actions": {
            "Env_displayName": {
              "runAfter": {},
              "metadata": {
                "operationMetadataId": "82a60915-c770-48f5-ba00-22d3a5b982b0"
              },
              "type": "Compose",
              "inputs": "@items('Apply_to_each_filtered_array')?['properties']?['displayName']",
              "description": "items('Apply_to_each_filtered_array')?['properties']?['displayName']"
            },
            "Env_name": {
              "runAfter": {
                "Env_displayName": [
                  "Succeeded"
                ]
              },
              "metadata": {
                "operationMetadataId": "fc9c3075-9046-4ca3-8720-5df6c3360f87"
              },
              "type": "Compose",
              "inputs": "@items('Apply_to_each_filtered_array')?['name']",
              "description": "items('Apply_to_each_filtered_array')?['name']"
            },
            "Env_environmentSku": {
              "runAfter": {
                "Env_name": [
                  "Succeeded"
                ]
              },
              "metadata": {
                "operationMetadataId": "3fd7cd5c-c1d9-4f79-a63f-6b8e0bca96c8"
              },
              "type": "Compose",
              "inputs": "@items('Apply_to_each_filtered_array')?['properties']?['environmentSku']",
              "description": "items('Apply_to_each_filtered_array')?['properties']?['environmentSku']"
            },
            "scheduledLifecycleOperations": {
              "runAfter": {
                "Env_environmentSku": [
                  "Succeeded"
                ]
              },
              "metadata": {
                "operationMetadataId": "b4f40d0c-b6fc-416d-8ff4-790f028710a6"
              },
              "type": "Compose",
              "inputs": "@items('Apply_to_each_filtered_array')?['properties']?['scheduledLifecycleOperations']",
              "description": "items('Apply_to_each_filtered_array')?['properties']?['scheduledLifecycleOperations']"
            },
            "Is_length_of_scheduledLifecycleOperations_gt_1": {
              "actions": {
                "[0]_['type']_-_Teams": {
                  "runAfter": {},
                  "metadata": {
                    "operationMetadataId": "38f3e200-ac45-4619-b2ba-7e1d45986bfb"
                  },
                  "type": "Compose",
                  "inputs": "@items('Apply_to_each_filtered_array')?['properties']?['scheduledLifecycleOperations'][0]?['type']",
                  "description": "items('Apply_to_each_filtered_array')?['properties']?['scheduledLifecycleOperations'][0]?['type']"
                },
                "[0]_['scheduledDateTime']_-_Teams": {
                  "runAfter": {
                    "[0]_['type']_-_Teams": [
                      "Succeeded"
                    ]
                  },
                  "metadata": {
                    "operationMetadataId": "f5cc6b3d-8057-4294-8ceb-f48469b362ef"
                  },
                  "type": "Compose",
                  "inputs": "@items('Apply_to_each_filtered_array')?['properties']?['scheduledLifecycleOperations'][0]?['scheduledDateTime']",
                  "description": "items('Apply_to_each_filtered_array')?['properties']?['scheduledLifecycleOperations'][0]?['scheduledDateTime']"
                },
                "[1]_['type']_-_Teams": {
                  "runAfter": {
                    "[0]_['scheduledDateTime']_-_Teams": [
                      "Succeeded"
                    ]
                  },
                  "metadata": {
                    "operationMetadataId": "ef780b41-4a92-4c54-8385-a8e8fe72217e"
                  },
                  "type": "Compose",
                  "inputs": "@items('Apply_to_each_filtered_array')?['properties']?['scheduledLifecycleOperations'][1]?['type']",
                  "description": "items('Apply_to_each_filtered_array')?['properties']?['scheduledLifecycleOperations'][1]?['type']"
                },
                "[1]_['scheduledDateTime']_-_Teams": {
                  "runAfter": {
                    "[1]_['type']_-_Teams": [
                      "Succeeded"
                    ]
                  },
                  "metadata": {
                    "operationMetadataId": "0e7e0ed4-2633-4f72-85d7-05558776e875"
                  },
                  "type": "Compose",
                  "inputs": "@items('Apply_to_each_filtered_array')?['properties']?['scheduledLifecycleOperations'][1]?['scheduledDateTime']",
                  "description": "items('Apply_to_each_filtered_array')?['properties']?['scheduledLifecycleOperations'][1]?['scheduledDateTime']"
                }
              },
              "runAfter": {
                "scheduledLifecycleOperations": [
                  "Succeeded"
                ]
              },
              "else": {
                "actions": {
                  "[0]_['type']_-_Trial": {
                    "runAfter": {},
                    "metadata": {
                      "operationMetadataId": "2f6e6a3e-4eb2-414e-ad02-2af5759fcedb"
                    },
                    "type": "Compose",
                    "inputs": "@items('Apply_to_each_filtered_array')?['properties']?['scheduledLifecycleOperations'][0]?['type']",
                    "description": "items('Apply_to_each_filtered_array')?['properties']?['scheduledLifecycleOperations'][0]?['type']"
                  },
                  "[0]_['scheduledDateTime']_-_Trial": {
                    "runAfter": {
                      "[0]_['type']_-_Trial": [
                        "Succeeded"
                      ]
                    },
                    "metadata": {
                      "operationMetadataId": "ead95e2b-1866-472d-9172-86e026559fec"
                    },
                    "type": "Compose",
                    "inputs": "@items('Apply_to_each_filtered_array')?['properties']?['scheduledLifecycleOperations'][0]?['scheduledDateTime']",
                    "description": "items('Apply_to_each_filtered_array')?['properties']?['scheduledLifecycleOperations'][0]?['scheduledDateTime']"
                  }
                }
              },
              "expression": {
                "greater": [
                  "@length(items('Apply_to_each_filtered_array')?['properties']?['scheduledLifecycleOperations'])",
                  1
                ]
              },
              "metadata": {
                "operationMetadataId": "fe208ca8-40dd-4363-8abf-00e3d5407505"
              },
              "type": "If",
              "description": "length(items('Apply_to_each_filtered_array')?['properties']?['scheduledLifecycleOperations'])"
            },
            "Compose_array_-_Pieters_method_input": {
              "runAfter": {
                "Is_length_of_scheduledLifecycleOperations_gt_1": [
                  "Succeeded"
                ]
              },
              "metadata": {
                "operationMetadataId": "71db0b7d-825e-4c85-af32-e93173e67b5a"
              },
              "type": "Compose",
              "inputs": {
                "displayName": "@{outputs('Env_displayName')}",
                "name": "@{outputs('Env_name')}",
                "environemntSku": "@{outputs('Env_environmentSku')}",
                "typeDisableTeams": "@{outputs('[0]_[''type'']_-_Teams')}",
                "scheduledDateTimeDisableTeams": "@{outputs('[0]_[''scheduledDateTime'']_-_Teams')}",
                "typeDeleteTeams": "@{outputs('[1]_[''type'']_-_Teams')}",
                "scheduledDateTimeDeleteTeams": "@{outputs('[1]_[''scheduledDateTime'']_-_Teams')}",
                "typeDisableTrial": "@{outputs('[0]_[''type'']_-_Trial')}",
                "scheduledDateTimeDisableTrial": "@{outputs('[0]_[''scheduledDateTime'']_-_Trial')}"
              }
            }
          },
          "runAfter": {
            "Filter_array_-_Listed_Envs": [
              "Succeeded"
            ]
          },
          "metadata": {
            "operationMetadataId": "500619c0-f6ea-4708-a9f2-419f441e8976"
          },
          "type": "Foreach",
          "description": "body('Filter_array_-_Listed_Envs')",
          "runtimeConfiguration": {
            "concurrency": {
              "repetitions": 50
            }
          }
        },
        "Create_HTML_table": {
          "runAfter": {
            "Compose_array_-_Pieters_method_result": [
              "Succeeded"
            ]
          },
          "metadata": {
            "operationMetadataId": "f4e2e05c-8e58-4882-a38a-b077447ed4be"
          },
          "type": "Table",
          "inputs": {
            "from": "@outputs('Compose_array_-_Pieters_method_result')",
            "format": "HTML"
          }
        },
        "CSS": {
          "runAfter": {
            "Create_HTML_table": [
              "Succeeded"
            ]
          },
          "metadata": {
            "operationMetadataId": "f6f4a49a-d8a4-4045-b110-2949f7f2266d"
          },
          "type": "Compose",
          "inputs": "@replace(replace(replace(body('Create_HTML_table'),\r\n'<th>','<th style=\"text-align:center;color:white;background-color:#077D3F;padding:2px\">'),\r\n'<td>','<td style=\"text-align:center;color:black;padding:3px\">'),\r\n'<table>','<table style=\"border-collapse:collapse;width:100%\">')"
        },
        "Compose_array_-_Pieters_method_result": {
          "runAfter": {
            "Apply_to_each_filtered_array": [
              "Succeeded"
            ]
          },
          "metadata": {
            "operationMetadataId": "77b5501b-e45f-4ef8-8df2-84ef3ff67f9c"
          },
          "type": "Compose",
          "inputs": "@outputs('Compose_array_-_Pieters_method_input')",
          "description": "outputs('Compose_array_-_Pieters_method_input')"
        }
      }
    },
    "templateName": ""
  },
  "schemaVersion": "1.0.0.0"
}