{
  "properties": {
    "connectionReferences": {
      "shared_powerbi": {
        "runtimeSource": "invoker",
        "connection": {
          "connectionReferenceLogicalName": "ff_sharedpowerbi_b5e05"
        },
        "api": {
          "name": "shared_powerbi"
        }
      },
      "shared_office365": {
        "runtimeSource": "invoker",
        "connection": {
          "connectionReferenceLogicalName": "ff_sharedoffice365_11856"
        },
        "api": {
          "name": "shared_office365"
        }
      }
    },
    "definition": {
      "$schema": "https://schema.management.azure.com/providers/Microsoft.Logic/schemas/2016-06-01/workflowdefinition.json#",
      "contentVersion": "1.0.0.0",
      "parameters": {
        "$connections": {
          "defaultValue": {},
          "type": "Object"
        },
        "$authentication": {
          "defaultValue": {},
          "type": "SecureObject"
        }
      },
      "triggers": {
        "manual": {
          "metadata": {
            "operationMetadataId": "f5f2d003-274e-4566-a903-44030928473f"
          },
          "type": "Request",
          "kind": "Button",
          "inputs": {
            "schema": {
              "type": "object",
              "properties": {},
              "required": []
            }
          }
        }
      },
      "actions": {
        "Maker": {
          "actions": {
            "Run_a_query_against_a_dataset_Maker": {
              "runAfter": {},
              "metadata": {
                "operationMetadataId": "ff8674e2-b927-4196-a9dd-f9f3196891d8"
              },
              "type": "OpenApiConnection",
              "inputs": {
                "host": {
                  "connectionName": "shared_powerbi",
                  "operationId": "ExecuteDatasetQuery",
                  "apiId": "/providers/Microsoft.PowerApps/apis/shared_powerbi"
                },
                "parameters": {
                  "groupid": "1ef564ac-9b00-4c20-833f-b0ae4ae05757",
                  "datasetid": "f48979a2-127b-4216-b0a8-63af264e1223",
                  "specification/query": "Evaluate Maker",
                  "specification/serializerSettings/includeNulls": false
                },
                "authentication": {
                  "type": "Raw",
                  "value": "@json(decodeBase64(triggerOutputs().headers['X-MS-APIM-Tokens']))['$ConnectionKey']"
                }
              }
            },
            "body_Maker": {
              "runAfter": {
                "Run_a_query_against_a_dataset_Maker": [
                  "Succeeded"
                ]
              },
              "metadata": {
                "operationMetadataId": "94b42a32-f684-40a5-905e-dcd5deed58e4"
              },
              "type": "Compose",
              "inputs": "@body('Run_a_query_against_a_dataset_Maker')"
            },
            "Parse_JSON_body_Maker": {
              "runAfter": {
                "body_Maker": [
                  "Succeeded"
                ]
              },
              "metadata": {
                "operationMetadataId": "40e46a2f-c45d-4534-9af9-33abf8d22470"
              },
              "type": "ParseJson",
              "inputs": {
                "content": "@outputs('body_Maker')",
                "schema": {
                  "type": "object",
                  "properties": {
                    "results": {
                      "type": "array",
                      "items": {
                        "type": "object",
                        "properties": {
                          "tables": {
                            "type": "array",
                            "items": {
                              "type": "object",
                              "properties": {
                                "rows": {
                                  "type": "array",
                                  "items": {
                                    "type": "object",
                                    "properties": {
                                      "Maker[admin_displayname]": {
                                        "type": "string"
                                      },
                                      "Maker[admin_makerid]": {
                                        "type": "string"
                                      },
                                      "Maker[mmmyy]": {
                                        "type": "string"
                                      },
                                      "Maker[admin_makerisorphaned]": {
                                        "type": "boolean"
                                      },
                                      "Maker[Country, City]": {
                                        "type": "string"
                                      },
                                      "Maker[admin_userisserviceprinciple]": {
                                        "type": "boolean"
                                      },
                                      "Maker[createdon]": {
                                        "type": "string"
                                      },
                                      "Maker[admin_city]": {
                                        "type": "string"
                                      },
                                      "Maker[admin_country]": {
                                        "type": "string"
                                      },
                                      "Maker[admin_jobtitle]": {
                                        "type": "string"
                                      },
                                      "Maker[admin_userprincipalname]": {
                                        "type": "string"
                                      },
                                      "Maker[admin_managerprinciplename]": {
                                        "type": "string"
                                      },
                                      "Maker[admin_m2managerprinciplename]": {
                                        "type": "string"
                                      },
                                      "Maker[admin_company]": {
                                        "type": "string"
                                      },
                                      "Maker[admin_preferredlanguage]": {
                                        "type": "string"
                                      },
                                      "Maker[admin_accountenabled]": {
                                        "type": "boolean"
                                      },
                                      "Maker[admin_managerid]": {
                                        "type": "string"
                                      },
                                      "Maker[admin_photoobject_timestamp]": {
                                        "type": "integer"
                                      },
                                      "Maker[admin_photoobject_url]": {
                                        "type": "string"
                                      },
                                      "Maker[admin_photoobjectid]": {
                                        "type": "string"
                                      }
                                    },
                                    "required": [
                                      "Maker[admin_displayname]",
                                      "Maker[admin_makerid]",
                                      "Maker[mmmyy]",
                                      "Maker[admin_makerisorphaned]",
                                      "Maker[Country, City]",
                                      "Maker[admin_userisserviceprinciple]",
                                      "Maker[createdon]"
                                    ]
                                  }
                                }
                              },
                              "required": [
                                "rows"
                              ]
                            }
                          }
                        },
                        "required": [
                          "tables"
                        ]
                      }
                    },
                    "firstTableRows": {
                      "type": "array",
                      "items": {
                        "type": "object",
                        "properties": {
                          "Maker[admin_displayname]": {
                            "type": "string"
                          },
                          "Maker[admin_makerid]": {
                            "type": "string"
                          },
                          "Maker[mmmyy]": {
                            "type": "string"
                          },
                          "Maker[admin_makerisorphaned]": {
                            "type": "boolean"
                          },
                          "Maker[Country, City]": {
                            "type": "string"
                          },
                          "Maker[admin_userisserviceprinciple]": {
                            "type": "boolean"
                          },
                          "Maker[createdon]": {
                            "type": "string"
                          },
                          "Maker[admin_city]": {
                            "type": "string"
                          },
                          "Maker[admin_country]": {
                            "type": "string"
                          },
                          "Maker[admin_jobtitle]": {
                            "type": "string"
                          },
                          "Maker[admin_userprincipalname]": {
                            "type": "string"
                          },
                          "Maker[admin_managerprinciplename]": {
                            "type": "string"
                          },
                          "Maker[admin_m2managerprinciplename]": {
                            "type": "string"
                          },
                          "Maker[admin_company]": {
                            "type": "string"
                          },
                          "Maker[admin_preferredlanguage]": {
                            "type": "string"
                          },
                          "Maker[admin_accountenabled]": {
                            "type": "boolean"
                          },
                          "Maker[admin_managerid]": {
                            "type": "string"
                          },
                          "Maker[admin_photoobject_timestamp]": {
                            "type": "integer"
                          },
                          "Maker[admin_photoobject_url]": {
                            "type": "string"
                          },
                          "Maker[admin_photoobjectid]": {
                            "type": "string"
                          }
                        },
                        "required": [
                          "Maker[admin_displayname]",
                          "Maker[admin_makerid]",
                          "Maker[mmmyy]",
                          "Maker[admin_makerisorphaned]",
                          "Maker[Country, City]",
                          "Maker[admin_userisserviceprinciple]",
                          "Maker[createdon]"
                        ]
                      }
                    }
                  }
                }
              }
            },
            "Select_Maker": {
              "runAfter": {
                "Parse_JSON_body_Maker": [
                  "Succeeded"
                ]
              },
              "metadata": {
                "operationMetadataId": "5638633b-2865-4a74-a770-e95dabe6ea36"
              },
              "type": "Select",
              "inputs": {
                "from": "@body('Parse_JSON_body_Maker')?['firstTableRows']",
                "select": {
                  "MakerName": "@item()?['Maker[admin_displayname]']",
                  "MakerUpn": "@item()?['Maker[admin_userprincipalname]']"
                }
              }
            }
          },
          "runAfter": {
            "varMakerAppsAndFlows": [
              "Succeeded"
            ]
          },
          "metadata": {
            "operationMetadataId": "b7ffc781-63d7-4005-8701-37ac6c79488d"
          },
          "type": "Scope"
        },
        "App": {
          "actions": {
            "Run_a_query_against_a_dataset_App": {
              "runAfter": {},
              "metadata": {
                "operationMetadataId": "4b313af3-0440-4a95-87d3-e5770f6382c6"
              },
              "type": "OpenApiConnection",
              "inputs": {
                "host": {
                  "connectionName": "shared_powerbi",
                  "operationId": "ExecuteDatasetQuery",
                  "apiId": "/providers/Microsoft.PowerApps/apis/shared_powerbi"
                },
                "parameters": {
                  "groupid": "1ef564ac-9b00-4c20-833f-b0ae4ae05757",
                  "datasetid": "f48979a2-127b-4216-b0a8-63af264e1223",
                  "specification/query": "Evaluate App",
                  "specification/serializerSettings/includeNulls": false
                },
                "authentication": {
                  "type": "Raw",
                  "value": "@json(decodeBase64(triggerOutputs().headers['X-MS-APIM-Tokens']))['$ConnectionKey']"
                }
              }
            },
            "body_App": {
              "runAfter": {
                "Run_a_query_against_a_dataset_App": [
                  "Succeeded"
                ]
              },
              "metadata": {
                "operationMetadataId": "6e96cb4d-3e95-4095-97d9-44b1bc9a467c"
              },
              "type": "Compose",
              "inputs": "@body('Run_a_query_against_a_dataset_App')"
            },
            "Parse_JSON_App": {
              "runAfter": {
                "body_App": [
                  "Succeeded"
                ]
              },
              "metadata": {
                "operationMetadataId": "ac60c1c8-8123-4547-9cff-f6e25f012a92"
              },
              "type": "ParseJson",
              "inputs": {
                "content": "@outputs('body_App')",
                "schema": {
                  "type": "object",
                  "properties": {
                    "results": {
                      "type": "array",
                      "items": {
                        "type": "object",
                        "properties": {
                          "tables": {
                            "type": "array",
                            "items": {
                              "type": "object",
                              "properties": {
                                "rows": {
                                  "type": "array",
                                  "items": {
                                    "type": "object",
                                    "properties": {
                                      "App[admin_appenvironment]": {
                                        "type": "string"
                                      },
                                      "App[admin_appid]": {
                                        "type": "string"
                                      },
                                      "App[admin_appowner]": {
                                        "type": "string"
                                      },
                                      "App[admin_displayname]": {
                                        "type": "string"
                                      },
                                      "App[admin_city]": {
                                        "type": "string"
                                      },
                                      "App[admin_country]": {
                                        "type": "string"
                                      },
                                      "App[admin_appenvironmentdisplayname]": {
                                        "type": "string"
                                      },
                                      "App[admin_appownerdisplayname]": {
                                        "type": "string"
                                      },
                                      "App[Days Since Modified]": {
                                        "type": "integer"
                                      },
                                      "App[admin_powerappstype]": {
                                        "type": "integer"
                                      },
                                      "App[admin_approvalstatus]": {
                                        "type": "integer"
                                      },
                                      "App[Environment Display Name]": {
                                        "type": "string"
                                      },
                                      "App[admin_appcreatedon]": {
                                        "type": "string"
                                      },
                                      "App[admin_appmodifiedon]": {
                                        "type": "string"
                                      },
                                      "App[City]": {
                                        "type": "string"
                                      },
                                      "App[admin_appdeleted]": {
                                        "type": "boolean"
                                      },
                                      "App[AppMaker]": {
                                        "type": "string"
                                      },
                                      "App[AgeScore]": {
                                        "type": "integer"
                                      },
                                      "App[DuplicateNames]": {
                                        "type": "integer"
                                      },
                                      "App[ArchiveLikelihood]": {
                                        "type": "integer"
                                      },
                                      "App[SharePointOnly]": {
                                        "type": "integer"
                                      },
                                      "App[AppIdentifier]": {
                                        "type": "string"
                                      },
                                      "App[admin_appsharedwithtenant]": {
                                        "type": "boolean"
                                      },
                                      "App[AppStateScore]": {
                                        "type": "integer"
                                      },
                                      "App[cr5d5_appisorphaned]": {
                                        "type": "string"
                                      },
                                      "App[Country, City]": {
                                        "type": "string"
                                      },
                                      "App[admin_appexcusedfromarchival]": {
                                        "type": "boolean"
                                      },
                                      "App[admin_appusesdataversetables]": {
                                        "type": "boolean"
                                      },
                                      "App[admin_appenvironmentid]": {
                                        "type": "string"
                                      },
                                      "App[admin_approvalstatus_display]": {
                                        "type": "string"
                                      },
                                      "App[admin_powerappstype_display]": {
                                        "type": "string"
                                      },
                                      "App[admin_nonprodappnamecheck]": {
                                        "type": "string"
                                      },
                                      "App[admin_notmodifiedsincecreated]": {
                                        "type": "string"
                                      },
                                      "App[admin_appidstring]": {
                                        "type": "string"
                                      },
                                      "App[admin_adminrequirementrepublishstate]": {
                                        "type": "integer"
                                      },
                                      "App[admin_adminrequirementrepublishstate_display]": {
                                        "type": "string"
                                      },
                                      "App[admin_adminrequirementriskassessmentstate]": {
                                        "type": "integer"
                                      },
                                      "App[admin_adminrequirementriskassessmentstate_display]": {
                                        "type": "string"
                                      },
                                      "App[admin_appuniquename]": {
                                        "type": "string"
                                      },
                                      "App[admin_avgrating]": {
                                        "type": "integer"
                                      },
                                      "App[admin_avgrating_count]": {
                                        "type": "integer"
                                      },
                                      "App[admin_avgrating_date]": {
                                        "type": "string"
                                      },
                                      "App[admin_avgrating_state]": {
                                        "type": "integer"
                                      },
                                      "App[admin_avgrating_sum]": {
                                        "type": "integer"
                                      },
                                      "App[admin_issolutionapp]": {
                                        "type": "boolean"
                                      },
                                      "App[admin_totalshared]": {
                                        "type": "integer"
                                      },
                                      "App[admin_totalshared_date]": {
                                        "type": "string"
                                      },
                                      "App[admin_totalshared_state]": {
                                        "type": "integer"
                                      },
                                      "App[admin_appcompany]": {
                                        "type": "string"
                                      },
                                      "App[admin_quarantineapp]": {
                                        "type": "boolean"
                                      },
                                      "App[admin_appexcusedfromcompliance]": {
                                        "type": "boolean"
                                      },
                                      "App[admin_test_state]": {
                                        "type": "integer"
                                      },
                                      "App[admin_appsharedgroups]": {
                                        "type": "integer"
                                      },
                                      "App[admin_appsharedusers]": {
                                        "type": "integer"
                                      },
                                      "App[admin_iconbackgroundcolor]": {
                                        "type": "string"
                                      },
                                      "App[admin_appiconuri]": {
                                        "type": "string"
                                      },
                                      "App[admin_apppublished]": {
                                        "type": "string"
                                      },
                                      "App[Days Since Published]": {
                                        "type": "integer"
                                      },
                                      "App[admin_appplanclassification]": {
                                        "type": "string"
                                      },
                                      "App[admin_usescustomapi]": {
                                        "type": "string"
                                      },
                                      "App[admin_usesonlygrandfatheredpremiumapis]": {
                                        "type": "string"
                                      },
                                      "App[admin_usesonpremisegateway]": {
                                        "type": "string"
                                      },
                                      "App[admin_usespremiumapi]": {
                                        "type": "string"
                                      },
                                      "App[admin_dlpevaluationstatus]": {
                                        "type": "string"
                                      },
                                      "App[admin_powerappsreleaseversion]": {
                                        "type": "string"
                                      },
                                      "App[admin_appalmmode]": {
                                        "type": "string"
                                      },
                                      "App[admin_appdescription]": {
                                        "type": "string"
                                      },
                                      "App[admin_sharepointformurl]": {
                                        "type": "string"
                                      },
                                      "App[admin_compliancerequestedon]": {
                                        "type": "string"
                                      }
                                    },
                                    "required": [
                                      "App[admin_appenvironment]",
                                      "App[admin_appid]",
                                      "App[admin_displayname]",
                                      "App[admin_appenvironmentdisplayname]",
                                      "App[admin_appownerdisplayname]",
                                      "App[Days Since Modified]",
                                      "App[admin_powerappstype]",
                                      "App[admin_approvalstatus]",
                                      "App[Environment Display Name]",
                                      "App[admin_appcreatedon]",
                                      "App[admin_appmodifiedon]",
                                      "App[admin_appdeleted]",
                                      "App[AppMaker]",
                                      "App[AgeScore]",
                                      "App[DuplicateNames]",
                                      "App[ArchiveLikelihood]",
                                      "App[SharePointOnly]",
                                      "App[AppIdentifier]",
                                      "App[admin_appsharedwithtenant]",
                                      "App[AppStateScore]",
                                      "App[cr5d5_appisorphaned]",
                                      "App[Country, City]",
                                      "App[admin_appexcusedfromarchival]",
                                      "App[admin_appusesdataversetables]",
                                      "App[admin_appenvironmentid]",
                                      "App[admin_approvalstatus_display]",
                                      "App[admin_powerappstype_display]",
                                      "App[admin_nonprodappnamecheck]",
                                      "App[admin_notmodifiedsincecreated]",
                                      "App[admin_appidstring]",
                                      "App[admin_adminrequirementrepublishstate]",
                                      "App[admin_adminrequirementrepublishstate_display]",
                                      "App[admin_adminrequirementriskassessmentstate]",
                                      "App[admin_adminrequirementriskassessmentstate_display]",
                                      "App[admin_avgrating]",
                                      "App[admin_avgrating_date]",
                                      "App[admin_avgrating_state]",
                                      "App[admin_issolutionapp]",
                                      "App[admin_totalshared]",
                                      "App[admin_totalshared_date]",
                                      "App[admin_totalshared_state]"
                                    ]
                                  }
                                }
                              },
                              "required": [
                                "rows"
                              ]
                            }
                          }
                        },
                        "required": [
                          "tables"
                        ]
                      }
                    },
                    "firstTableRows": {
                      "type": "array",
                      "items": {
                        "type": "object",
                        "properties": {
                          "App[admin_appenvironment]": {
                            "type": "string"
                          },
                          "App[admin_appid]": {
                            "type": "string"
                          },
                          "App[admin_appowner]": {
                            "type": "string"
                          },
                          "App[admin_displayname]": {
                            "type": "string"
                          },
                          "App[admin_city]": {
                            "type": "string"
                          },
                          "App[admin_country]": {
                            "type": "string"
                          },
                          "App[admin_appenvironmentdisplayname]": {
                            "type": "string"
                          },
                          "App[admin_appownerdisplayname]": {
                            "type": "string"
                          },
                          "App[Days Since Modified]": {
                            "type": "integer"
                          },
                          "App[admin_powerappstype]": {
                            "type": "integer"
                          },
                          "App[admin_approvalstatus]": {
                            "type": "integer"
                          },
                          "App[Environment Display Name]": {
                            "type": "string"
                          },
                          "App[admin_appcreatedon]": {
                            "type": "string"
                          },
                          "App[admin_appmodifiedon]": {
                            "type": "string"
                          },
                          "App[City]": {
                            "type": "string"
                          },
                          "App[admin_appdeleted]": {
                            "type": "boolean"
                          },
                          "App[AppMaker]": {
                            "type": "string"
                          },
                          "App[AgeScore]": {
                            "type": "integer"
                          },
                          "App[DuplicateNames]": {
                            "type": "integer"
                          },
                          "App[ArchiveLikelihood]": {
                            "type": "integer"
                          },
                          "App[SharePointOnly]": {
                            "type": "integer"
                          },
                          "App[AppIdentifier]": {
                            "type": "string"
                          },
                          "App[admin_appsharedwithtenant]": {
                            "type": "boolean"
                          },
                          "App[AppStateScore]": {
                            "type": "integer"
                          },
                          "App[cr5d5_appisorphaned]": {
                            "type": "string"
                          },
                          "App[Country, City]": {
                            "type": "string"
                          },
                          "App[admin_appexcusedfromarchival]": {
                            "type": "boolean"
                          },
                          "App[admin_appusesdataversetables]": {
                            "type": "boolean"
                          },
                          "App[admin_appenvironmentid]": {
                            "type": "string"
                          },
                          "App[admin_approvalstatus_display]": {
                            "type": "string"
                          },
                          "App[admin_powerappstype_display]": {
                            "type": "string"
                          },
                          "App[admin_nonprodappnamecheck]": {
                            "type": "string"
                          },
                          "App[admin_notmodifiedsincecreated]": {
                            "type": "string"
                          },
                          "App[admin_appidstring]": {
                            "type": "string"
                          },
                          "App[admin_adminrequirementrepublishstate]": {
                            "type": "integer"
                          },
                          "App[admin_adminrequirementrepublishstate_display]": {
                            "type": "string"
                          },
                          "App[admin_adminrequirementriskassessmentstate]": {
                            "type": "integer"
                          },
                          "App[admin_adminrequirementriskassessmentstate_display]": {
                            "type": "string"
                          },
                          "App[admin_appuniquename]": {
                            "type": "string"
                          },
                          "App[admin_avgrating]": {
                            "type": "integer"
                          },
                          "App[admin_avgrating_count]": {
                            "type": "integer"
                          },
                          "App[admin_avgrating_date]": {
                            "type": "string"
                          },
                          "App[admin_avgrating_state]": {
                            "type": "integer"
                          },
                          "App[admin_avgrating_sum]": {
                            "type": "integer"
                          },
                          "App[admin_issolutionapp]": {
                            "type": "boolean"
                          },
                          "App[admin_totalshared]": {
                            "type": "integer"
                          },
                          "App[admin_totalshared_date]": {
                            "type": "string"
                          },
                          "App[admin_totalshared_state]": {
                            "type": "integer"
                          },
                          "App[admin_appcompany]": {
                            "type": "string"
                          },
                          "App[admin_quarantineapp]": {
                            "type": "boolean"
                          },
                          "App[admin_appexcusedfromcompliance]": {
                            "type": "boolean"
                          },
                          "App[admin_test_state]": {
                            "type": "integer"
                          },
                          "App[admin_appsharedgroups]": {
                            "type": "integer"
                          },
                          "App[admin_appsharedusers]": {
                            "type": "integer"
                          },
                          "App[admin_iconbackgroundcolor]": {
                            "type": "string"
                          },
                          "App[admin_appiconuri]": {
                            "type": "string"
                          },
                          "App[admin_apppublished]": {
                            "type": "string"
                          },
                          "App[Days Since Published]": {
                            "type": "integer"
                          },
                          "App[admin_appplanclassification]": {
                            "type": "string"
                          },
                          "App[admin_usescustomapi]": {
                            "type": "string"
                          },
                          "App[admin_usesonlygrandfatheredpremiumapis]": {
                            "type": "string"
                          },
                          "App[admin_usesonpremisegateway]": {
                            "type": "string"
                          },
                          "App[admin_usespremiumapi]": {
                            "type": "string"
                          },
                          "App[admin_dlpevaluationstatus]": {
                            "type": "string"
                          },
                          "App[admin_powerappsreleaseversion]": {
                            "type": "string"
                          },
                          "App[admin_appalmmode]": {
                            "type": "string"
                          },
                          "App[admin_appdescription]": {
                            "type": "string"
                          },
                          "App[admin_sharepointformurl]": {
                            "type": "string"
                          },
                          "App[admin_compliancerequestedon]": {
                            "type": "string"
                          }
                        },
                        "required": [
                          "App[admin_appenvironment]",
                          "App[admin_appid]",
                          "App[admin_displayname]",
                          "App[admin_appenvironmentdisplayname]",
                          "App[admin_appownerdisplayname]",
                          "App[Days Since Modified]",
                          "App[admin_powerappstype]",
                          "App[admin_approvalstatus]",
                          "App[Environment Display Name]",
                          "App[admin_appcreatedon]",
                          "App[admin_appmodifiedon]",
                          "App[admin_appdeleted]",
                          "App[AppMaker]",
                          "App[AgeScore]",
                          "App[DuplicateNames]",
                          "App[ArchiveLikelihood]",
                          "App[SharePointOnly]",
                          "App[AppIdentifier]",
                          "App[admin_appsharedwithtenant]",
                          "App[AppStateScore]",
                          "App[cr5d5_appisorphaned]",
                          "App[Country, City]",
                          "App[admin_appexcusedfromarchival]",
                          "App[admin_appusesdataversetables]",
                          "App[admin_appenvironmentid]",
                          "App[admin_approvalstatus_display]",
                          "App[admin_powerappstype_display]",
                          "App[admin_nonprodappnamecheck]",
                          "App[admin_notmodifiedsincecreated]",
                          "App[admin_appidstring]",
                          "App[admin_adminrequirementrepublishstate]",
                          "App[admin_adminrequirementrepublishstate_display]",
                          "App[admin_adminrequirementriskassessmentstate]",
                          "App[admin_adminrequirementriskassessmentstate_display]",
                          "App[admin_avgrating]",
                          "App[admin_avgrating_date]",
                          "App[admin_avgrating_state]",
                          "App[admin_issolutionapp]",
                          "App[admin_totalshared]",
                          "App[admin_totalshared_date]",
                          "App[admin_totalshared_state]"
                        ]
                      }
                    }
                  }
                }
              }
            },
            "Select_App": {
              "runAfter": {
                "Parse_JSON_App": [
                  "Succeeded"
                ]
              },
              "metadata": {
                "operationMetadataId": "11f45f5f-e147-4bd1-8bec-803ece9d9185"
              },
              "type": "Select",
              "inputs": {
                "from": "@body('Parse_JSON_App')?['firstTableRows']",
                "select": {
                  "AppName": "@item()?['App[admin_displayname]']",
                  "MakerName": "@item()?['App[admin_appownerdisplayname]']",
                  "Creator": "@item()?['App[admin_appowner]']",
                  "Environment": "@item()?['App[admin_appenvironmentdisplayname]']"
                }
              }
            }
          },
          "runAfter": {
            "Maker": [
              "Succeeded"
            ]
          },
          "metadata": {
            "operationMetadataId": "97bcb1b8-ebb5-4e5f-b6d2-cab342da4cef"
          },
          "type": "Scope"
        },
        "Flow": {
          "actions": {
            "Run_a_query_against_a_dataset_Flow": {
              "runAfter": {},
              "metadata": {
                "operationMetadataId": "b228eca4-0996-4bbf-8168-f58a903a2016"
              },
              "type": "OpenApiConnection",
              "inputs": {
                "host": {
                  "connectionName": "shared_powerbi",
                  "operationId": "ExecuteDatasetQuery",
                  "apiId": "/providers/Microsoft.PowerApps/apis/shared_powerbi"
                },
                "parameters": {
                  "groupid": "1ef564ac-9b00-4c20-833f-b0ae4ae05757",
                  "datasetid": "f48979a2-127b-4216-b0a8-63af264e1223",
                  "specification/query": "Evaluate Flow",
                  "specification/serializerSettings/includeNulls": false
                },
                "authentication": {
                  "type": "Raw",
                  "value": "@json(decodeBase64(triggerOutputs().headers['X-MS-APIM-Tokens']))['$ConnectionKey']"
                }
              }
            },
            "body_Flow": {
              "runAfter": {
                "Run_a_query_against_a_dataset_Flow": [
                  "Succeeded"
                ]
              },
              "metadata": {
                "operationMetadataId": "1745049f-c78c-436a-8f6f-d29cf61f51b6"
              },
              "type": "Compose",
              "inputs": "@body('Run_a_query_against_a_dataset_Flow')"
            },
            "Parse_JSON_body_Flow": {
              "runAfter": {
                "body_Flow": [
                  "Succeeded"
                ]
              },
              "metadata": {
                "operationMetadataId": "4d5e6299-ee8b-4925-ace3-d7885aa4b93a"
              },
              "type": "ParseJson",
              "inputs": {
                "content": "@outputs('body_Flow')",
                "schema": {
                  "type": "object",
                  "properties": {
                    "results": {
                      "type": "array",
                      "items": {
                        "type": "object",
                        "properties": {
                          "tables": {
                            "type": "array",
                            "items": {
                              "type": "object",
                              "properties": {
                                "rows": {
                                  "type": "array",
                                  "items": {
                                    "type": "object",
                                    "properties": {
                                      "Flow[admin_displayname]": {
                                        "type": "string"
                                      },
                                      "Flow[admin_flowcreator]": {
                                        "type": "string"
                                      },
                                      "Flow[admin_flowenvironment]": {
                                        "type": "string"
                                      },
                                      "Flow[admin_flowid]": {
                                        "type": "string"
                                      },
                                      "Flow[admin_city]": {
                                        "type": "string"
                                      },
                                      "Flow[admin_country]": {
                                        "type": "string"
                                      },
                                      "Flow[admin_flowenvironmentdisplayname]": {
                                        "type": "string"
                                      },
                                      "Flow[admin_flowmakerdisplayname]": {
                                        "type": "string"
                                      },
                                      "Flow[admin_flowcreatedon]": {
                                        "type": "string"
                                      },
                                      "Flow[admin_flowcreatorupn]": {
                                        "type": "string"
                                      },
                                      "Flow[admin_flowmodifiedon]": {
                                        "type": "string"
                                      },
                                      "Flow[admin_flowdeleted]": {
                                        "type": "boolean"
                                      },
                                      "Flow[admin_nonprodflowcheck]": {
                                        "type": "string"
                                      },
                                      "Flow[admin_notmodifiedsincecreated]": {
                                        "type": "string"
                                      },
                                      "Flow[Days Since Modified]": {
                                        "type": "integer"
                                      },
                                      "Flow[DuplicateNames]": {
                                        "type": "integer"
                                      },
                                      "Flow[AgeScore]": {
                                        "type": "integer"
                                      },
                                      "Flow[UnknownUserScore]": {
                                        "type": "integer"
                                      },
                                      "Flow[ArchiveLikelihood]": {
                                        "type": "integer"
                                      },
                                      "Flow[FlowHTMLLink]": {
                                        "type": "string"
                                      },
                                      "Flow[Number of unique actions]": {
                                        "type": "integer"
                                      },
                                      "Flow[FlowIdentifier]": {
                                        "type": "string"
                                      },
                                      "Flow[UniqueActionsScore]": {
                                        "type": "integer"
                                      },
                                      "Flow[admin_flowstate]": {},
                                      "Flow[FlowStateScore]": {
                                        "type": "integer"
                                      },
                                      "Flow[cr5d5_flowisorphaned]": {
                                        "type": "string"
                                      },
                                      "Flow[cr5d5_flowtrigger]": {
                                        "type": "string"
                                      },
                                      "Flow[Flow_Creator_City]": {
                                        "type": "string"
                                      },
                                      "Flow[Flow_Environment_DisplayName]": {
                                        "type": "string"
                                      },
                                      "Flow[admin_flowexcusedfromarchival]": {
                                        "type": "boolean"
                                      },
                                      "Flow[admin_flowenvironmentid]": {
                                        "type": "string"
                                      },
                                      "Flow[admin_flowconnections]": {
                                        "type": "string"
                                      },
                                      "Flow[admin_derivedowner]": {
                                        "type": "string"
                                      },
                                      "Flow[admin_flowidstring]": {
                                        "type": "string"
                                      },
                                      "Flow[admin_issolutionflow]": {
                                        "type": "boolean"
                                      },
                                      "Flow[admin_containsplaintextpassword]": {
                                        "type": "boolean"
                                      },
                                      "Flow[admin_company]": {
                                        "type": "string"
                                      },
                                      "Flow[admin_flowdescription]": {
                                        "type": "string"
                                      },
                                      "Flow[admin_flowdeletedon]": {
                                        "type": "string"
                                      }
                                    },
                                    "required": []
                                  }
                                }
                              },
                              "required": [
                                "rows"
                              ]
                            }
                          }
                        },
                        "required": [
                          "tables"
                        ]
                      }
                    },
                    "firstTableRows": {
                      "type": "array",
                      "items": {
                        "type": "object",
                        "properties": {
                          "Flow[admin_displayname]": {
                            "type": "string"
                          },
                          "Flow[admin_flowcreator]": {
                            "type": "string"
                          },
                          "Flow[admin_flowenvironment]": {
                            "type": "string"
                          },
                          "Flow[admin_flowid]": {
                            "type": "string"
                          },
                          "Flow[admin_city]": {
                            "type": "string"
                          },
                          "Flow[admin_country]": {
                            "type": "string"
                          },
                          "Flow[admin_flowenvironmentdisplayname]": {
                            "type": "string"
                          },
                          "Flow[admin_flowmakerdisplayname]": {
                            "type": "string"
                          },
                          "Flow[admin_flowcreatedon]": {
                            "type": "string"
                          },
                          "Flow[admin_flowcreatorupn]": {
                            "type": "string"
                          },
                          "Flow[admin_flowmodifiedon]": {
                            "type": "string"
                          },
                          "Flow[admin_flowdeleted]": {
                            "type": "boolean"
                          },
                          "Flow[admin_nonprodflowcheck]": {
                            "type": "string"
                          },
                          "Flow[admin_notmodifiedsincecreated]": {
                            "type": "string"
                          },
                          "Flow[Days Since Modified]": {
                            "type": "integer"
                          },
                          "Flow[DuplicateNames]": {
                            "type": "integer"
                          },
                          "Flow[AgeScore]": {
                            "type": "integer"
                          },
                          "Flow[UnknownUserScore]": {
                            "type": "integer"
                          },
                          "Flow[ArchiveLikelihood]": {
                            "type": "integer"
                          },
                          "Flow[FlowHTMLLink]": {
                            "type": "string"
                          },
                          "Flow[Number of unique actions]": {
                            "type": "integer"
                          },
                          "Flow[FlowIdentifier]": {
                            "type": "string"
                          },
                          "Flow[UniqueActionsScore]": {
                            "type": "integer"
                          },
                          "Flow[admin_flowstate]": {},
                          "Flow[FlowStateScore]": {
                            "type": "integer"
                          },
                          "Flow[cr5d5_flowisorphaned]": {
                            "type": "string"
                          },
                          "Flow[cr5d5_flowtrigger]": {
                            "type": "string"
                          },
                          "Flow[Flow_Creator_City]": {
                            "type": "string"
                          },
                          "Flow[Flow_Environment_DisplayName]": {
                            "type": "string"
                          },
                          "Flow[admin_flowexcusedfromarchival]": {
                            "type": "boolean"
                          },
                          "Flow[admin_flowenvironmentid]": {
                            "type": "string"
                          },
                          "Flow[admin_flowconnections]": {
                            "type": "string"
                          },
                          "Flow[admin_derivedowner]": {
                            "type": "string"
                          },
                          "Flow[admin_flowidstring]": {
                            "type": "string"
                          },
                          "Flow[admin_issolutionflow]": {
                            "type": "boolean"
                          },
                          "Flow[admin_containsplaintextpassword]": {
                            "type": "boolean"
                          },
                          "Flow[admin_company]": {
                            "type": "string"
                          },
                          "Flow[admin_flowdescription]": {
                            "type": "string"
                          },
                          "Flow[admin_flowdeletedon]": {
                            "type": "string"
                          }
                        },
                        "required": []
                      }
                    }
                  }
                }
              }
            },
            "Select_Flow": {
              "runAfter": {
                "Parse_JSON_body_Flow": [
                  "Succeeded"
                ]
              },
              "metadata": {
                "operationMetadataId": "c989c47c-13b9-444d-98e0-fb8d0f71b634"
              },
              "type": "Select",
              "inputs": {
                "from": "@body('Parse_JSON_body_Flow')?['firstTableRows']",
                "select": {
                  "FlowName": "@item()?['Flow[admin_displayname]']",
                  "MakerName": "@item()?['Flow[admin_flowmakerdisplayname]']",
                  "Creator": "@item()?['Flow[admin_flowcreator]']",
                  "Environment": "@item()?['Flow[admin_flowenvironmentdisplayname]']"
                }
              }
            }
          },
          "runAfter": {
            "App": [
              "Succeeded"
            ]
          },
          "metadata": {
            "operationMetadataId": "6c097941-5da0-4b5e-ba65-e02bd04eb00b"
          },
          "type": "Scope"
        },
        "varMakerAppsAndFlows": {
          "runAfter": {},
          "metadata": {
            "operationMetadataId": "38fe2251-9823-42d3-a72d-10f8c8aaa8a2"
          },
          "type": "InitializeVariable",
          "inputs": {
            "variables": [
              {
                "name": "varMakerAppsAndFlows",
                "type": "array"
              }
            ]
          }
        },
        "Apply_to_each_Maker": {
          "foreach": "@body('Filter_Maker_array')",
          "actions": {
            "Parse_JSON_flow_array": {
              "runAfter": {
                "Filter_array_Select_Flow": [
                  "Succeeded"
                ]
              },
              "metadata": {
                "operationMetadataId": "fde5a96e-3d06-43cf-89ef-c5dc9b81811a"
              },
              "type": "ParseJson",
              "inputs": {
                "content": "@body('Filter_array_Select_Flow')",
                "schema": {
                  "type": "array",
                  "items": {
                    "type": "object",
                    "properties": {
                      "FlowName": {
                        "type": "string"
                      },
                      "MakerName": {
                        "type": "string"
                      },
                      "Creator": {
                        "type": "string"
                      },
                      "Environment": {
                        "type": "string"
                      }
                    },
                    "required": [
                      "FlowName",
                      "MakerName",
                      "Creator",
                      "Environment"
                    ]
                  }
                }
              }
            },
            "Filter_array_Select_App": {
              "runAfter": {
                "Apply_to_each_parsed_flow_array": [
                  "Succeeded"
                ]
              },
              "metadata": {
                "operationMetadataId": "8f269e18-2a10-4a6f-91cf-3318a850080a"
              },
              "type": "Query",
              "inputs": {
                "from": "@body('Select_App')",
                "where": "@equals(item()?['MakerName'], items('Apply_to_each_Maker')?['MakerName'])"
              },
              "description": "item()?['MakerName'] // items('Apply_to_each_Maker')?['MakerName']"
            },
            "Apply_to_each_parsed_flow_array": {
              "foreach": "@body('Parse_JSON_flow_array')",
              "actions": {
                "Append_flows_to_varMakerAppsAndFlows": {
                  "runAfter": {},
                  "metadata": {
                    "operationMetadataId": "8c058679-2b85-4bcd-a525-3ce132272d7b"
                  },
                  "type": "AppendToArrayVariable",
                  "inputs": {
                    "name": "varMakerAppsAndFlows",
                    "value": {
                      "MakerName": "@{items('Apply_to_each_parsed_flow_array')['MakerName']}",
                      "MakerUpn": "@{items('Apply_to_each_Maker')?['MakerUpn']}",
                      "FlowName": "@{items('Apply_to_each_parsed_flow_array')['FlowName']}",
                      "Environment": "@{items('Apply_to_each_parsed_flow_array')['Environment']}"
                    }
                  }
                }
              },
              "runAfter": {
                "Parse_JSON_flow_array": [
                  "Succeeded"
                ]
              },
              "metadata": {
                "operationMetadataId": "5e09b9aa-a83b-44c3-b5b6-c5ab651d64be"
              },
              "type": "Foreach",
              "runtimeConfiguration": {
                "concurrency": {
                  "repetitions": 50
                }
              }
            },
            "Parse_JSON_app_array": {
              "runAfter": {
                "Filter_array_Select_App": [
                  "Succeeded"
                ]
              },
              "metadata": {
                "operationMetadataId": "23f94b12-469c-4104-b5b9-6854ae853a1f"
              },
              "type": "ParseJson",
              "inputs": {
                "content": "@body('Filter_array_Select_App')",
                "schema": {
                  "type": "array",
                  "items": {
                    "type": "object",
                    "properties": {
                      "AppName": {
                        "type": "string"
                      },
                      "MakerName": {
                        "type": "string"
                      },
                      "Creator": {},
                      "Environment": {
                        "type": "string"
                      }
                    },
                    "required": []
                  }
                }
              }
            },
            "Apply_to_each_parsed_app_array": {
              "foreach": "@body('Parse_JSON_app_array')",
              "actions": {
                "Append_apps_to_array_varMakerAppsAndFlows": {
                  "runAfter": {},
                  "metadata": {
                    "operationMetadataId": "2d2b7cbd-ee85-4b30-8b24-b234adfad4f3"
                  },
                  "type": "AppendToArrayVariable",
                  "inputs": {
                    "name": "varMakerAppsAndFlows",
                    "value": {
                      "MakerName": "@{items('Apply_to_each_parsed_app_array')['MakerName']}",
                      "MakerUpn": "@{items('Apply_to_each_Maker')?['MakerUpn']}",
                      "AppName": "@{items('Apply_to_each_parsed_app_array')['AppName']}",
                      "Environment": "@{items('Apply_to_each_parsed_app_array')['Environment']}"
                    }
                  }
                }
              },
              "runAfter": {
                "Parse_JSON_app_array": [
                  "Succeeded"
                ]
              },
              "metadata": {
                "operationMetadataId": "4040e4ab-8b4a-4ea4-aa4a-16291727e1ab"
              },
              "type": "Foreach",
              "runtimeConfiguration": {
                "concurrency": {
                  "repetitions": 50
                }
              }
            },
            "Filter_array_varMakerAppsAndFlows": {
              "runAfter": {
                "Apply_to_each_parsed_app_array": [
                  "Succeeded"
                ]
              },
              "metadata": {
                "operationMetadataId": "6f10aa99-0a88-4d5d-b6e1-155022810e3f"
              },
              "type": "Query",
              "inputs": {
                "from": "@variables('varMakerAppsAndFlows')",
                "where": "@equals(item()?['MakerName'], items('Apply_to_each_Maker')?['MakerName'])"
              },
              "description": "item()?['MakerName'] // items('Apply_to_each_Maker')?['MakerName']"
            },
            "Create_HTML_table": {
              "runAfter": {
                "Filter_array_varMakerAppsAndFlows": [
                  "Succeeded"
                ]
              },
              "metadata": {
                "operationMetadataId": "7d6cf03e-9d72-4cf5-9f2f-22e1e3da907e"
              },
              "type": "Table",
              "inputs": {
                "from": "@body('Filter_array_varMakerAppsAndFlows')",
                "format": "HTML"
              },
              "description": "body('Filter_array_varMakerAppsAndFlows')"
            },
            "Format_HTML_table": {
              "runAfter": {
                "Create_HTML_table": [
                  "Succeeded"
                ]
              },
              "metadata": {
                "operationMetadataId": "002f71c7-6920-4a89-b870-f698d14a358a"
              },
              "type": "Compose",
              "inputs": "@replace(replace(replace(body('Create_HTML_table'),\r\n'<th>','<th style=\"text-align:center;color:white;background-color:#077D3F;padding:2px\">'),\r\n'<td>','<td style=\"text-align:center;color:green;padding:3px\">'),\r\n'<table>','<table style=\"border-collapse:collapse;width:100%\">')"
            },
            "MakerUpn": {
              "runAfter": {},
              "metadata": {
                "operationMetadataId": "7dd2f147-3194-4f2c-b508-57bd846d37bd"
              },
              "type": "Compose",
              "inputs": "@item()?['MakerUpn']",
              "description": "Compose MakerUpn for easier readability with item()?['MakerUpn']"
            },
            "Filter_array_Select_Flow": {
              "runAfter": {
                "MakerUpn": [
                  "Succeeded"
                ]
              },
              "metadata": {
                "operationMetadataId": "5037e403-823e-4a7a-af4d-6ff5e95c20b6"
              },
              "type": "Query",
              "inputs": {
                "from": "@body('Select_Flow')",
                "where": "@equals(item()?['MakerName'], items('Apply_to_each_Maker')?['MakerName'])"
              },
              "description": "item()?['MakerName'] // items('Apply_to_each_Maker')?['MakerName']"
            },
            "Send_an_email_(V2)": {
              "runAfter": {
                "Format_HTML_table": [
                  "Succeeded"
                ]
              },
              "metadata": {
                "operationMetadataId": "ba23f52a-42dc-4174-aa2d-35220fb0d63a"
              },
              "type": "OpenApiConnection",
              "inputs": {
                "host": {
                  "connectionName": "shared_office365",
                  "operationId": "SendEmailV2",
                  "apiId": "/providers/Microsoft.PowerApps/apis/shared_office365"
                },
                "parameters": {
                  "emailMessage/To": "@outputs('MakerUpn')",
                  "emailMessage/Subject": "All your apps and flows from our CoE PBI dataset",
                  "emailMessage/Body": "<p>This is a test flow I'm send to you all. It lists all your apps and flows from the CoE PBI dataset in our tenant.<br>\n<br>\nYou might get a couple of these so just relax and delete the email!<br>\n<br>\n<br>\n@{outputs('Format_HTML_table')}</p>",
                  "emailMessage/Importance": "Normal"
                },
                "authentication": {
                  "type": "Raw",
                  "value": "@json(decodeBase64(triggerOutputs().headers['X-MS-APIM-Tokens']))['$ConnectionKey']"
                }
              },
              "description": "Email to outputs('MakerUpn') // Table in email body outputs('Format_HTML_table')"
            }
          },
          "runAfter": {
            "Filter_Maker_array": [
              "Succeeded"
            ]
          },
          "metadata": {
            "operationMetadataId": "26e5e987-5ec5-4162-8e75-9accecc2ff2c"
          },
          "type": "Foreach",
          "description": "body('Filter_Maker_array')",
          "runtimeConfiguration": {
            "concurrency": {
              "repetitions": 50
            }
          }
        },
        "Filter_Maker_array": {
          "runAfter": {
            "Flow": [
              "Succeeded"
            ]
          },
          "metadata": {
            "operationMetadataId": "773e28a8-da7f-4acd-99f6-2f2608cab31c"
          },
          "type": "Query",
          "inputs": {
            "from": "@body('Select_Maker')",
            "where": "@not(empty(item()?['MakerUpn']))"
          },
          "description": "Remove items where MakerUpn is null. @not(empty(item()?['MakerUpn']))"
        }
      }
    }
  },
  "schemaVersion": "1.0.0.0"
}