{
  "properties": {
    "connectionReferences": {
      "shared_flowmanagement": {
        "runtimeSource": "invoker",
        "connection": {
          "connectionReferenceLogicalName": "d2d_sharedflowmanagement_5a0b4"
        },
        "api": {
          "name": "shared_flowmanagement"
        }
      },
      "shared_excelonlinebusiness": {
        "runtimeSource": "invoker",
        "connection": {
          "connectionReferenceLogicalName": "d2d_sharedexcelonlinebusiness_9b9ad"
        },
        "api": {
          "name": "shared_excelonlinebusiness"
        }
      }
    },
    "definition": {
      "$schema": "https://schema.management.azure.com/providers/Microsoft.Logic/schemas/2016-06-01/workflowdefinition.json#",
      "contentVersion": "1.0.0.0",
      "parameters": {
        "$connections": {
          "defaultValue": {},
          "type": "Object"
        },
        "$authentication": {
          "defaultValue": {},
          "type": "SecureObject"
        }
      },
      "triggers": {
        "manual": {
          "metadata": {
            "operationMetadataId": "35a73da0-35f7-4e47-8f2b-cf54dedfc92d"
          },
          "type": "Request",
          "kind": "Button",
          "inputs": {
            "schema": {
              "type": "object",
              "properties": {},
              "required": []
            }
          }
        }
      },
      "actions": {
        "List_My_Environments": {
          "runAfter": {
            "Initialize_varSharePointSite": [
              "Succeeded"
            ]
          },
          "metadata": {
            "operationMetadataId": "22eb2ff1-186f-40b2-aa24-6aa89c5da6e8"
          },
          "type": "OpenApiConnection",
          "inputs": {
            "host": {
              "connectionName": "shared_flowmanagement",
              "operationId": "ListUserEnvironments",
              "apiId": "/providers/Microsoft.PowerApps/apis/shared_flowmanagement"
            },
            "parameters": {},
            "authentication": {
              "type": "Raw",
              "value": "@json(decodeBase64(triggerOutputs().headers['X-MS-APIM-Tokens']))['$ConnectionKey']"
            }
          }
        },
        "Apply_to_each_-_List_My_Environments": {
          "foreach": "@outputs('List_My_Environments')?['body/value']",
          "actions": {
            "Apply_to_each_-_List_Flows_as_Admin": {
              "foreach": "@outputs('List_Flows_as_Admin')?['body/value']",
              "actions": {
                "Flow_Display_Name": {
                  "runAfter": {},
                  "metadata": {
                    "operationMetadataId": "d8154121-a4d0-4f94-8268-5a406d58d685"
                  },
                  "type": "Compose",
                  "inputs": "@items('Apply_to_each_-_List_Flows_as_Admin')?['properties/displayName']"
                },
                "Get_Flow_as_Admin": {
                  "runAfter": {
                    "Flow_Display_Name": [
                      "Succeeded"
                    ]
                  },
                  "metadata": {
                    "operationMetadataId": "20393f5a-bb2d-4f63-83b4-254947e8d63e"
                  },
                  "type": "OpenApiConnection",
                  "inputs": {
                    "host": {
                      "connectionName": "shared_flowmanagement",
                      "operationId": "AdminGetFlow",
                      "apiId": "/providers/Microsoft.PowerApps/apis/shared_flowmanagement"
                    },
                    "parameters": {
                      "environmentName": "@items('Apply_to_each_-_List_My_Environments')?['name']",
                      "flowName": "@items('Apply_to_each_-_List_Flows_as_Admin')?['name']"
                    },
                    "authentication": {
                      "type": "Raw",
                      "value": "@json(decodeBase64(triggerOutputs().headers['X-MS-APIM-Tokens']))['$ConnectionKey']"
                    }
                  }
                },
                "Filter_array_referencedResources": {
                  "runAfter": {
                    "Get_Flow_as_Admin": [
                      "Succeeded"
                    ]
                  },
                  "metadata": {
                    "operationMetadataId": "a61b1941-ef0a-46db-896e-f63758ca11d3"
                  },
                  "type": "Query",
                  "inputs": {
                    "from": "@outputs('Get_Flow_as_Admin')?['body/properties/referencedResources']",
                    "where": "@equals(item()?['service'], 'sharepoint')"
                  },
                  "description": "outputs('Get_Flow_as_Admin')?['body/properties/referencedResources'] // item()?['service']"
                },
                "Apply_to_each_-_Filter_array_referencedResources": {
                  "foreach": "@body('Parse_JSON_-_Filter_array_referencedResources')",
                  "actions": {
                    "Append_to_array_variable_varSharePointSite": {
                      "runAfter": {},
                      "metadata": {
                        "operationMetadataId": "f1af180c-6d43-4cdf-902c-e76d6e85d1ea"
                      },
                      "type": "AppendToArrayVariable",
                      "inputs": {
                        "name": "varSharePointSite",
                        "value": {
                          "EnvironmentDisplayName": "@{outputs('Environment_Display_Name')}",
                          "Flow": "@{outputs('Flow_Display_Name')}",
                          "SharePointSite": "@{items('Apply_to_each_-_Filter_array_referencedResources')?['resource']?['site']}",
                          "SharePointList": "@{if(equals(item()?['resource']?['list'], null), 'N/A', item()?['resource']?['list'])}"
                        }
                      },
                      "description": "if(equals(item()?['resource']?['list'],null),'N/A',item()?['resource']?['list'])"
                    }
                  },
                  "runAfter": {
                    "Parse_JSON_-_Filter_array_referencedResources": [
                      "Succeeded"
                    ]
                  },
                  "metadata": {
                    "operationMetadataId": "5c209e21-80b8-4168-85b2-177e84b6c76f"
                  },
                  "type": "Foreach"
                },
                "Parse_JSON_-_Filter_array_referencedResources": {
                  "runAfter": {
                    "Filter_array_referencedResources": [
                      "Succeeded"
                    ]
                  },
                  "metadata": {
                    "operationMetadataId": "6abecdfd-ea9a-4a54-816b-99eda22c7c9a"
                  },
                  "type": "ParseJson",
                  "inputs": {
                    "content": "@body('Filter_array_referencedResources')",
                    "schema": {
                      "type": "array",
                      "items": {
                        "type": "object",
                        "properties": {
                          "service": {
                            "type": "string"
                          },
                          "resource": {
                            "type": "object",
                            "properties": {
                              "site": {
                                "type": "string"
                              }
                            }
                          },
                          "referencers": {
                            "type": "array",
                            "items": {
                              "type": "object",
                              "properties": {
                                "referenceSourceType": {
                                  "type": "string"
                                },
                                "operationId": {
                                  "type": "string"
                                }
                              },
                              "required": [
                                "referenceSourceType",
                                "operationId"
                              ]
                            }
                          }
                        },
                        "required": []
                      }
                    }
                  }
                }
              },
              "runAfter": {
                "List_Flows_as_Admin": [
                  "Succeeded"
                ]
              },
              "metadata": {
                "operationMetadataId": "204b386f-a2a7-459a-89be-fcbe32a75ca2"
              },
              "type": "Foreach"
            },
            "Environment_Display_Name": {
              "runAfter": {},
              "metadata": {
                "operationMetadataId": "6acc3046-52e8-482e-90c2-b967494c588a"
              },
              "type": "Compose",
              "inputs": "@items('Apply_to_each_-_List_My_Environments')?['properties/displayName']"
            },
            "List_Flows_as_Admin": {
              "runAfter": {
                "Environment_Display_Name": [
                  "Succeeded"
                ]
              },
              "metadata": {
                "operationMetadataId": "6a0962c5-423a-42b9-9263-1921476c3084"
              },
              "type": "OpenApiConnection",
              "inputs": {
                "host": {
                  "connectionName": "shared_flowmanagement",
                  "operationId": "ListFlowsInEnvironment",
                  "apiId": "/providers/Microsoft.PowerApps/apis/shared_flowmanagement"
                },
                "parameters": {
                  "environmentName": "@items('Apply_to_each_-_List_My_Environments')?['name']",
                  "expandSuspensionInfo": true,
                  "includeSoftDeletedFlows": true
                },
                "authentication": {
                  "type": "Raw",
                  "value": "@json(decodeBase64(triggerOutputs().headers['X-MS-APIM-Tokens']))['$ConnectionKey']"
                }
              },
              "runtimeConfiguration": {
                "paginationPolicy": {
                  "minimumItemCount": 100000
                }
              }
            }
          },
          "runAfter": {
            "List_My_Environments": [
              "Succeeded"
            ]
          },
          "metadata": {
            "operationMetadataId": "f42b2287-ed39-45ff-8a60-e05edf639d7c"
          },
          "type": "Foreach",
          "runtimeConfiguration": {
            "concurrency": {
              "repetitions": 50
            }
          }
        },
        "Initialize_varSharePointSite": {
          "runAfter": {},
          "metadata": {
            "operationMetadataId": "d86d9141-c3b0-4914-b162-91ec634d5478"
          },
          "type": "InitializeVariable",
          "inputs": {
            "variables": [
              {
                "name": "varSharePointSite",
                "type": "array"
              }
            ]
          }
        },
        "varSharePointSite": {
          "runAfter": {
            "Apply_to_each_-_List_My_Environments": [
              "Succeeded"
            ]
          },
          "metadata": {
            "operationMetadataId": "0db5ec52-e2cd-40bd-8123-9dbc856af77f"
          },
          "type": "Compose",
          "inputs": "@variables('varSharePointSite')"
        },
        "Apply_to_each_varSharePointSite": {
          "foreach": "@variables('varSharePointSite')",
          "actions": {
            "Add_a_row_into_a_table": {
              "runAfter": {},
              "metadata": {
                "01F3PIY57TD3U2QJUMVVA2YSUL4OJZRHBM": "/SharePointSites.xlsx",
                "operationMetadataId": "aa8ac942-12d7-4480-a20c-761ad4826916",
                "tableId": "{200F5767-4A4B-4C58-896D-62CF4D1EFBC4}"
              },
              "type": "OpenApiConnection",
              "inputs": {
                "host": {
                  "connectionName": "shared_excelonlinebusiness",
                  "operationId": "AddRowV2",
                  "apiId": "/providers/Microsoft.PowerApps/apis/shared_excelonlinebusiness"
                },
                "parameters": {
                  "source": "sites/anttipajunen.sharepoint.com,5d9c3b74-d450-4607-8dee-fa0f4cf24a74,711fc9d2-7e58-4832-bdbe-56bc5d0b866f",
                  "drive": "b!dDucXVDUB0aN7voPTPJKdNLJH3FYfjJIvb5WvF0Lhm_MBJ_6lWfSTZgLc2y1aen1",
                  "file": "01F3PIY57TD3U2QJUMVVA2YSUL4OJZRHBM",
                  "table": "{200F5767-4A4B-4C58-896D-62CF4D1EFBC4}",
                  "item/Environment": "@items('Apply_to_each_varSharePointSite')?['EnvironmentDisplayName']",
                  "item/Flow": "@items('Apply_to_each_varSharePointSite')?['Flow']",
                  "item/Site": "@items('Apply_to_each_varSharePointSite')?['SharePointSite']",
                  "item/List": "@items('Apply_to_each_varSharePointSite')?['SharePointList']"
                },
                "authentication": {
                  "type": "Raw",
                  "value": "@json(decodeBase64(triggerOutputs().headers['X-MS-APIM-Tokens']))['$ConnectionKey']"
                }
              }
            }
          },
          "runAfter": {
            "varSharePointSite": [
              "Succeeded"
            ]
          },
          "metadata": {
            "operationMetadataId": "cd3221ec-eaae-4f36-9acf-656a7320b3a3"
          },
          "type": "Foreach"
        }
      }
    }
  },
  "schemaVersion": "1.0.0.0"
}