{
  "properties": {
    "connectionReferences": {
      "shared_commondataservice": {
        "runtimeSource": "invoker",
        "connection": {
          "connectionReferenceLogicalName": "ff_sharedcommondataservice_9f079"
        },
        "api": {
          "name": "shared_commondataservice"
        }
      }
    },
    "definition": {
      "$schema": "https://schema.management.azure.com/providers/Microsoft.Logic/schemas/2016-06-01/workflowdefinition.json#",
      "contentVersion": "1.0.0.0",
      "parameters": {
        "$connections": {
          "defaultValue": {},
          "type": "Object"
        },
        "$authentication": {
          "defaultValue": {},
          "type": "SecureObject"
        }
      },
      "triggers": {
        "manual": {
          "metadata": {
            "operationMetadataId": "a929e44b-d120-43b6-9e7a-3fd9398801fb"
          },
          "type": "Request",
          "kind": "PowerAppV2",
          "inputs": {
            "schema": {
              "type": "object",
              "properties": {
                "text": {
                  "title": "EnvironmentsSettingsArray",
                  "type": "string",
                  "x-ms-dynamically-added": true,
                  "description": "Please enter your input",
                  "x-ms-content-hint": "TEXT"
                },
                "number": {
                  "title": "TimeZoneCode",
                  "type": "number",
                  "x-ms-dynamically-added": true,
                  "description": "Please enter a number",
                  "x-ms-content-hint": "NUMBER"
                },
                "number_1": {
                  "title": "LocaleID",
                  "type": "number",
                  "x-ms-dynamically-added": true,
                  "description": "Please enter a number",
                  "x-ms-content-hint": "NUMBER"
                }
              },
              "required": [
                "text",
                "number",
                "number_1"
              ]
            }
          }
        }
      },
      "actions": {
        "varEnvironmentsSettingsArray": {
          "runAfter": {},
          "metadata": {
            "operationMetadataId": "dab03d03-e138-4ccd-adb9-eda83a02a00b"
          },
          "type": "InitializeVariable",
          "inputs": {
            "variables": [
              {
                "name": "varEnvironmentsSettingsArray",
                "type": "string",
                "value": "@triggerBody()['text']"
              }
            ]
          }
        },
        "Parse_JSON": {
          "runAfter": {
            "varEnvironmentsSettingsArray": [
              "Succeeded"
            ]
          },
          "metadata": {
            "operationMetadataId": "c955d7e3-a386-44a1-85ce-f888e4b9736e"
          },
          "type": "ParseJson",
          "inputs": {
            "content": "@variables('varEnvironmentsSettingsArray')",
            "schema": {
              "type": "array",
              "items": {
                "type": "object",
                "properties": {
                  "Environment": {
                    "type": "string"
                  },
                  "EnvironmentDisplayName": {
                    "type": "string"
                  },
                  "EnvironmentSku": {
                    "type": "string"
                  },
                  "LocaleId": {
                    "type": "string"
                  },
                  "TimeZoneCode": {
                    "type": "string"
                  },
                  "UserID": {
                    "type": "string"
                  },
                  "EnvironmentUrl": {
                    "type": "string"
                  }
                },
                "required": [
                  "Environment",
                  "EnvironmentDisplayName",
                  "EnvironmentSku",
                  "EnvironmentUrl",
                  "LocaleId",
                  "TimeZoneCode",
                  "UserID"
                ]
              }
            }
          }
        },
        "Scope": {
          "actions": {
            "Apply_to_each": {
              "foreach": "@body('Parse_JSON')",
              "actions": {
                "Update_a_row_(legacy)": {
                  "runAfter": {},
                  "metadata": {
                    "operationMetadataId": "c2a34faf-6261-43f4-94d8-b8efe0d74ba9"
                  },
                  "type": "OpenApiConnection",
                  "inputs": {
                    "host": {
                      "connectionName": "shared_commondataservice",
                      "operationId": "PatchItem_V2",
                      "apiId": "/providers/Microsoft.PowerApps/apis/shared_commondataservice"
                    },
                    "parameters": {
                      "dataset": "@items('Apply_to_each')['EnvironmentUrl']",
                      "table": "usersettingscollection",
                      "id": "@items('Apply_to_each')['UserID']",
                      "item": {
                        "timezonecode": "@{triggerBody()['number']}",
                        "localeid": "@{triggerBody()['number_1']}"
                      }
                    },
                    "authentication": "@parameters('$authentication')"
                  }
                }
              },
              "runAfter": {},
              "metadata": {
                "operationMetadataId": "8f922adc-8d6d-4847-965f-72c16706edc3"
              },
              "type": "Foreach"
            }
          },
          "runAfter": {
            "Parse_JSON": [
              "Succeeded"
            ]
          },
          "metadata": {
            "operationMetadataId": "7ced8610-f35e-44a4-b81b-276f07a81560"
          },
          "type": "Scope"
        },
        "Respond_to_a_PowerApp_or_flow": {
          "runAfter": {
            "Scope": [
              "Succeeded"
            ]
          },
          "metadata": {
            "operationMetadataId": "4238949d-d9a6-47af-8ac7-c02568c7f8f0"
          },
          "type": "Response",
          "kind": "PowerApp",
          "inputs": {
            "statusCode": 200,
            "body": {
              "status": "succeeded"
            },
            "schema": {
              "type": "object",
              "properties": {
                "status": {
                  "title": "Status",
                  "x-ms-dynamically-added": true,
                  "type": "string"
                }
              }
            }
          }
        },
        "Respond_to_a_PowerApp_or_flow_2": {
          "runAfter": {
            "Scope": [
              "Failed",
              "Skipped",
              "TimedOut"
            ]
          },
          "metadata": {
            "operationMetadataId": "457355bd-304d-4041-bb29-ee1e211b3326"
          },
          "type": "Response",
          "kind": "PowerApp",
          "inputs": {
            "statusCode": 200,
            "body": {
              "status": "failed"
            },
            "schema": {
              "type": "object",
              "properties": {
                "status": {
                  "title": "Status",
                  "x-ms-dynamically-added": true,
                  "type": "string"
                }
              }
            }
          }
        }
      },
      "outputs": {}
    },
    "templateName": ""
  },
  "schemaVersion": "1.0.0.0"
}